model,state,CI,weather,calendar,level,precision,recall,f1,roc_auc,pr_auc
Transformer (CI_W_C),Maharashtra,True,True,True,window,0.5975609756097561,0.9245283018867925,0.725925925925926,0.6098779134295228,0.7795708645050105
Transformer (CI_W_C),Maharashtra,True,True,True,t+4,0.6333333333333333,0.48717948717948717,0.5507246376811594,0.7099358974358975,0.616876536302636
Transformer (CI_W_C),Maharashtra,True,True,True,t+5,0.5348837209302325,0.6052631578947368,0.5679012345679012,0.5891514500537057,0.5008403573822744
Transformer (CI_W_C),Maharashtra,True,True,True,t+6,0.525,0.5526315789473685,0.5384615384615384,0.5644468313641247,0.490589206851744
Transformer (CM_W_C),Maharashtra,False,True,True,window,0.6888888888888889,0.5849056603773585,0.6326530612244898,0.658157602663707,0.7920085109205866
Transformer (CM_W_C),Maharashtra,False,True,True,t+4,0.8235294117647058,0.358974358974359,0.5,0.7622863247863247,0.7451800329458086
Transformer (CM_W_C),Maharashtra,False,True,True,t+5,0.8823529411764706,0.39473684210526316,0.5454545454545454,0.7669172932330827,0.7509124080613115
Transformer (CM_W_C),Maharashtra,False,True,True,t+6,0.6956521739130435,0.42105263157894735,0.5245901639344263,0.758861439312567,0.7287860488562073
Transformer (CI_W_NC),Maharashtra,True,True,False,window,0.7164179104477612,0.9056603773584906,0.8,0.7785793562708102,0.8466018713418864
Transformer (CI_W_NC),Maharashtra,True,True,False,t+4,0.7391304347826086,0.4358974358974359,0.5483870967741935,0.7660256410256411,0.7535181841562224
Transformer (CI_W_NC),Maharashtra,True,True,False,t+5,0.5862068965517241,0.8947368421052632,0.7083333333333334,0.7121374865735768,0.5966090868670303
Transformer (CI_W_NC),Maharashtra,True,True,False,t+6,0.5625,0.7105263157894737,0.627906976744186,0.6224489795918365,0.4874715920439303
Transformer (CI_NW_C),Maharashtra,True,False,True,window,0.6333333333333333,0.7169811320754716,0.672566371681416,0.6154273029966704,0.76823121215214
Transformer (CI_NW_C),Maharashtra,True,False,True,t+4,0.5806451612903226,0.46153846153846156,0.5142857142857142,0.6506410256410257,0.6443328295156906
Transformer (CI_NW_C),Maharashtra,True,False,True,t+5,0.5666666666666667,0.4473684210526316,0.5,0.6831364124597208,0.5665236363193803
Transformer (CI_NW_C),Maharashtra,True,False,True,t+6,0.5128205128205128,0.5263157894736842,0.5194805194805194,0.6552094522019334,0.6143072752244364
Transformer (CI_NW_NC),Maharashtra,True,False,False,window,0.7142857142857143,0.8490566037735849,0.7758620689655172,0.5887902330743617,0.6161611241875792
Transformer (CI_NW_NC),Maharashtra,True,False,False,t+4,0.5757575757575758,0.48717948717948717,0.5277777777777778,0.6442307692307693,0.5415934289856811
Transformer (CI_NW_NC),Maharashtra,True,False,False,t+5,0.5,0.42105263157894735,0.45714285714285713,0.6143931256713211,0.48060559401704106
Transformer (CI_NW_NC),Maharashtra,True,False,False,t+6,0.41935483870967744,0.34210526315789475,0.37681159420289856,0.564983888292159,0.4402062958432147
Transformer (CI_W_C),Karnataka,True,True,True,window,0.058823529411764705,0.05555555555555555,0.05714285714285714,0.5088566827697263,0.20151374062594044
Transformer (CI_W_C),Karnataka,True,True,True,t+4,0.08333333333333333,0.125,0.1,0.7199367088607594,0.1635626000702217
Transformer (CI_W_C),Karnataka,True,True,True,t+5,0.18181818181818182,0.25,0.21052631578947367,0.6360759493670887,0.18498840439629913
Transformer (CI_W_C),Karnataka,True,True,True,t+6,0.07142857142857142,0.125,0.09090909090909091,0.7278481012658229,0.16487812160406676
Transformer (CM_W_C),Karnataka,False,True,True,window,0.11538461538461539,0.3333333333333333,0.17142857142857143,0.22946859903381642,0.13948929500032314
Transformer (CM_W_C),Karnataka,False,True,True,t+4,0.0,0.0,0.0,0.3876582278481013,0.08213064578413791
Transformer (CM_W_C),Karnataka,False,True,True,t+5,0.0,0.0,0.0,0.29430379746835444,0.07017550106615131
Transformer (CM_W_C),Karnataka,False,True,True,t+6,0.0,0.0,0.0,0.2974683544303798,0.06940688748095347
Transformer (CI_W_NC),Karnataka,True,True,False,window,0.125,0.3333333333333333,0.18181818181818182,0.3816425120772946,0.18500700352826188
Transformer (CI_W_NC),Karnataka,True,True,False,t+4,0.25,0.5,0.3333333333333333,0.7539556962025317,0.2751121635094716
Transformer (CI_W_NC),Karnataka,True,True,False,t+5,1.0,0.25,0.4,0.8093354430379747,0.5202991452991453
Transformer (CI_W_NC),Karnataka,True,True,False,t+6,0.0,0.0,0.0,0.6946202531645569,0.15061287794445094
Transformer (CI_NW_C),Karnataka,True,False,True,window,0.2,0.4444444444444444,0.27586206896551724,0.3800322061191626,0.18475808091432205
Transformer (CI_NW_C),Karnataka,True,False,True,t+4,0.29411764705882354,0.625,0.4,0.7223101265822784,0.23563213747037273
Transformer (CI_NW_C),Karnataka,True,False,True,t+5,0.16666666666666666,0.125,0.14285714285714285,0.5656645569620253,0.14256254629857928
Transformer (CI_NW_C),Karnataka,True,False,True,t+6,0.4,0.25,0.3076923076923077,0.6693037974683544,0.24825498575498575
Transformer (CI_NW_NC),Karnataka,True,False,False,window,0.047619047619047616,0.05555555555555555,0.05128205128205128,0.3341384863123993,0.16617046091844434
Transformer (CI_NW_NC),Karnataka,True,False,False,t+4,0.0,0.0,0.0,0.384493670886076,0.07776740526674128
Transformer (CI_NW_NC),Karnataka,True,False,False,t+5,0.0,0.0,0.0,0.444620253164557,0.08505127597644352
Transformer (CI_NW_NC),Karnataka,True,False,False,t+6,0.0,0.0,0.0,0.6036392405063291,0.1177209595959596
Transformer (CI_W_C),Tamil Nadu,True,True,True,window,0.1875,0.47368421052631576,0.26865671641791045,0.4852941176470589,0.23523436697172315
Transformer (CI_W_C),Tamil Nadu,True,True,True,t+4,0.0,0.0,0.0,0.3939873417721519,0.08032974374863203
Transformer (CI_W_C),Tamil Nadu,True,True,True,t+5,0.0,0.0,0.0,0.33544303797468356,0.07303779786560888
Transformer (CI_W_C),Tamil Nadu,True,True,True,t+6,0.0,0.0,0.0,0.25158227848101267,0.06554307592684999
Transformer (CM_W_C),Tamil Nadu,False,True,True,window,0.29508196721311475,0.9473684210526315,0.45,0.7337461300309598,0.47500381398394537
Transformer (CM_W_C),Tamil Nadu,False,True,True,t+4,0.0,0.0,0.0,0.6186708860759493,0.14342940502479978
Transformer (CM_W_C),Tamil Nadu,False,True,True,t+5,0.2857142857142857,0.5,0.36363636363636365,0.7231012658227847,0.2504491840319305
Transformer (CM_W_C),Tamil Nadu,False,True,True,t+6,0.0,0.0,0.0,0.6882911392405063,0.1761519167196602
Transformer (CI_W_NC),Tamil Nadu,True,True,False,window,0.14583333333333334,0.3684210526315789,0.208955223880597,0.34171826625387003,0.17587112286400886
Transformer (CI_W_NC),Tamil Nadu,True,True,False,t+4,0.0,0.0,0.0,0.3251582278481013,0.07577287614529635
Transformer (CI_W_NC),Tamil Nadu,True,True,False,t+5,0.0,0.0,0.0,0.30933544303797467,0.07408676575563757
Transformer (CI_W_NC),Tamil Nadu,True,True,False,t+6,0.0,0.0,0.0,0.3235759493670886,0.07183808952547947
Transformer (CI_NW_C),Tamil Nadu,True,False,True,window,0.2,0.5789473684210527,0.2972972972972973,0.4264705882352941,0.2563105820381244
Transformer (CI_NW_C),Tamil Nadu,True,False,True,t+4,0.043478260869565216,0.125,0.06451612903225806,0.4462025316455696,0.08900747304515218
Transformer (CI_NW_C),Tamil Nadu,True,False,True,t+5,0.0,0.0,0.0,0.5158227848101266,0.12299207806470866
Transformer (CI_NW_C),Tamil Nadu,True,False,True,t+6,0.125,0.125,0.125,0.4272151898734178,0.21315482401613534
Transformer (CI_NW_NC),Tamil Nadu,True,False,False,window,0.15789473684210525,0.15789473684210525,0.15789473684210525,0.45394736842105265,0.2077056825450817
Transformer (CI_NW_NC),Tamil Nadu,True,False,False,t+4,0.0,0.0,0.0,0.6653481012658228,0.16123642439431912
Transformer (CI_NW_NC),Tamil Nadu,True,False,False,t+5,0.0,0.0,0.0,0.5181962025316456,0.11461270881838405
Transformer (CI_NW_NC),Tamil Nadu,True,False,False,t+6,0.0,0.0,0.0,0.4849683544303797,0.09108476506162365
persistence,Maharashtra,-,-,-,window,0.5428571428571428,0.7169811320754716,0.6178861788617886,0.3879023307436182,0.5616321219444186
persistence,Maharashtra,-,-,-,t+4,0.3191489361702128,0.38461538461538464,0.3488372093023256,0.358974358974359,0.39861165980021446
persistence,Maharashtra,-,-,-,t+5,0.30434782608695654,0.3684210526315789,0.3333333333333333,0.35767991407089156,0.38799021541860645
persistence,Maharashtra,-,-,-,t+6,0.30434782608695654,0.3684210526315789,0.3333333333333333,0.35767991407089156,0.38799021541860645
lstm,Maharashtra,-,-,-,window,0.6046511627906976,0.9811320754716981,0.7482014388489209,0.5987791342952274,0.7650305395336903
lstm,Maharashtra,-,-,-,t+4,0.4482758620689655,1.0,0.6190476190476191,0.5454059829059829,0.4945454085814003
lstm,Maharashtra,-,-,-,t+5,0.0,0.0,0.0,0.2755102040816327,0.331107503816373
lstm,Maharashtra,-,-,-,t+6,0.4367816091954023,1.0,0.608,0.6385606874328679,0.6853448657750872
persistence,Karnataka,-,-,-,window,0.08571428571428572,0.16666666666666666,0.11320754716981132,0.35144927536231885,0.18669950738916258
persistence,Karnataka,-,-,-,t+4,0.06666666666666667,0.125,0.08695652173913043,0.4738924050632911,0.08879310344827586
persistence,Karnataka,-,-,-,t+5,0.06666666666666667,0.125,0.08695652173913043,0.4738924050632911,0.08879310344827586
persistence,Karnataka,-,-,-,t+6,0.06666666666666667,0.125,0.08695652173913043,0.4738924050632911,0.08879310344827586
lstm,Karnataka,-,-,-,window,0.0,0.0,0.0,0.5925925925925926,0.3158112077891143
lstm,Karnataka,-,-,-,t+4,0.09195402298850575,1.0,0.16842105263157894,0.3623417721518988,0.07658655413551485
lstm,Karnataka,-,-,-,t+5,0.0,0.0,0.0,0.3037974683544304,0.07120006036346455
lstm,Karnataka,-,-,-,t+6,0.09195402298850575,1.0,0.16842105263157894,0.25316455696202533,0.06640169486003207
persistence,Tamil Nadu,-,-,-,window,0.15384615384615385,0.21052631578947367,0.17777777777777778,0.4434984520123839,0.20480245707105962
persistence,Tamil Nadu,-,-,-,t+4,0.09090909090909091,0.125,0.10526315789473684,0.49920886075949367,0.0918234064785789
persistence,Tamil Nadu,-,-,-,t+5,0.09090909090909091,0.125,0.10526315789473684,0.49920886075949367,0.0918234064785789
persistence,Tamil Nadu,-,-,-,t+6,0.09090909090909091,0.125,0.10526315789473684,0.49920886075949367,0.0918234064785789
lstm,Tamil Nadu,-,-,-,window,0.24050632911392406,1.0,0.3877551020408163,0.42260061919504643,0.18515070583780585
lstm,Tamil Nadu,-,-,-,t+4,0.09195402298850575,1.0,0.16842105263157894,0.2863924050632911,0.06860219700120396
lstm,Tamil Nadu,-,-,-,t+5,0.0,0.0,0.0,0.4825949367088608,0.09369236536531794
lstm,Tamil Nadu,-,-,-,t+6,0.09195402298850575,1.0,0.16842105263157894,0.46835443037974683,0.09096835883476198
